{
  "name": "MCP Trigger",
  "nodes": [
    {
      "parameters": {
        "path": "ahmed"
      },
      "type": "@n8n/n8n-nodes-langchain.mcpTrigger",
      "typeVersion": 1,
      "position": [
        0,
        0
      ],
      "id": "c9950563-2500-402d-aead-0dff6d951d6e",
      "name": "MCP Server Trigger2",
      "webhookId": "20887cad-15fc-41c3-af1b-657bbafb3ea1"
    },
    {
      "parameters": {
        "method": "POST",
        "url": "https://api.firecrawl.dev/v1/crawl",
        "authentication": "genericCredentialType",
        "genericAuthType": "httpHeaderAuth",
        "sendBody": true,
        "specifyBody": "json",
        "jsonBody": "{\n  \"url\": \"https://docs.firecrawl.dev\",\n  \"limit\": 100,\n  \"scrapeOptions\": {\n    \"formats\": [\n      \"markdown\",\n      \"html\"\n    ]\n  }\n}",
        "options": {}
      },
      "type": "n8n-nodes-base.httpRequestTool",
      "typeVersion": 4.2,
      "position": [
        -180,
        340
      ],
      "id": "bb8646bf-fec8-4c77-aa64-15f441821363",
      "name": "HTTP Request",
      "credentials": {
        "httpHeaderAuth": {
          "id": "gnhYMQM6ktMkRabc",
          "name": "Firecrawl Mcp"
        }
      }
    },
    {
      "parameters": {
        "url": "={{ /*n8n-auto-generated-fromAI-override*/ $fromAI('URL', ``, 'string') }}",
        "authentication": "genericCredentialType",
        "genericAuthType": "httpHeaderAuth",
        "sendBody": true,
        "specifyBody": "json",
        "jsonBody": "{\n  \"url\": \"https://docs.firecrawl.dev\",\n  \"limit\": 100,\n  \"scrapeOptions\": {\n    \"formats\": [\n      \"markdown\",\n      \"html\"\n    ]\n  }\n}",
        "options": {}
      },
      "type": "n8n-nodes-base.httpRequestTool",
      "typeVersion": 4.2,
      "position": [
        80,
        340
      ],
      "id": "159e9820-ef6f-4336-86ed-cef88828071d",
      "name": "HTTP Request1",
      "credentials": {
        "httpHeaderAuth": {
          "id": "gnhYMQM6ktMkRabc",
          "name": "Firecrawl Mcp"
        }
      }
    },
    {
      "parameters": {
        "method": "POST",
        "url": "https://api.firecrawl.dev/v1/scrape",
        "authentication": "genericCredentialType",
        "genericAuthType": "httpHeaderAuth",
        "sendBody": true,
        "specifyBody": "json",
        "jsonBody": "{\n  \"url\": \"https://docs.firecrawl.dev\",\n  \"formats\": [\n    \"markdown\",\n    \"html\"\n  ]\n}",
        "options": {}
      },
      "type": "n8n-nodes-base.httpRequestTool",
      "typeVersion": 4.2,
      "position": [
        340,
        320
      ],
      "id": "d7fd471f-6fe9-48d0-a71f-84db9057b418",
      "name": "HTTP Request2",
      "credentials": {
        "httpHeaderAuth": {
          "id": "gnhYMQM6ktMkRabc",
          "name": "Firecrawl Mcp"
        }
      }
    }
  ],
  "pinData": {},
  "connections": {
    "HTTP Request": {
      "ai_tool": [
        [
          {
            "node": "MCP Server Trigger2",
            "type": "ai_tool",
            "index": 0
          }
        ]
      ]
    },
    "HTTP Request1": {
      "ai_tool": [
        [
          {
            "node": "MCP Server Trigger2",
            "type": "ai_tool",
            "index": 0
          }
        ]
      ]
    },
    "HTTP Request2": {
      "ai_tool": [
        [
          {
            "node": "MCP Server Trigger2",
            "type": "ai_tool",
            "index": 0
          }
        ]
      ]
    }
  },
  "active": true,
  "settings": {
    "executionOrder": "v1"
  },
  "versionId": "d6109ad0-7716-4ec7-b693-6ec55b802a85",
  "meta": {
    "templateCredsSetupCompleted": true,
    "instanceId": "979463c3d3c71da5772efc6f79e529574a94998fe3804bf15ea4fd7bdd21f0a2"
  },
  "id": "f9POKk5hHAImS6AM",
  "tags": []
}